<?xml version="1.0" encoding="UTF-8"?>
<project name="Technical Library TSF - Test Selenium Framework">
	<skin>
        <groupId>com.inetpsa.jip.skins</groupId>
        <artifactId>psa-main-skin</artifactId>
        <version>0.2.0</version>
    </skin>
	<publishDate format="dd/MMM/yyyy" />
	<bannerLeft>
        <name>Integration site of TSF-COMMON</name>
	</bannerLeft>
	<bannerRight>
		<src>/images/logo_psa.jpg</src>
	</bannerRight>
	<body>
		<menu name="Link">
			<item name="Return to root project" href="../../../tsf00/tsf-root/en/index.html" />
		</menu>		
	</body>
</project>
