<?xml version="1.0" encoding="UTF-8"?>
<project name="Librairie Technique TSF - Test Selenium Framework">
	<skin>
        <groupId>com.inetpsa.jip.skins</groupId>
        <artifactId>psa-main-skin</artifactId>
        <version>0.2.0</version>
    </skin>
	<publishDate format="dd/MMM/yyyy" />
	<bannerLeft>
        <name>&nbsp;Site d'int&#233;gration TSF-COMMON</name>
	</bannerLeft>
	<bannerRight>
		<src>/images/logo_psa.jpg</src>
	</bannerRight>
	<body>
		<menu name="Lien">
			<item name="Retour vers le projet root" href="../../tsf00/tsf-root/index.html" />
		</menu>
	</body>
</project>
