<?xml version="1.0" encoding="UTF-8"?>
<project name="Technical Library TSF - Test Selenium Framework">
	<skin>
		<groupId>com.inetpsa.pyr.skins</groupId>
		<artifactId>pyr-main-skin</artifactId>
		<version>1.0.0</version>
	</skin>
	<publishDate position="left" format="dd/MM/yyyy"/>
	<bannerLeft>
		<name>Integration site of the Technical Library TSF - Test Selenium Framework</name>
	</bannerLeft>
	<bannerRight>
		<src>/images/logo_psa.jpg</src>
	</bannerRight>
	<body>
		<menu name="Languages">
			<item name="French" href="../index.html"/>
			<item name="English" href="/index.html"/>							
		</menu>
		<menu name="Summary">
			<item name="Overview" href="/index.html"/>
			<item name="Setup" href="/guide_install.html"/>
			<item name="Development Guide" href="/guide_dev_tsf.html"/>					
			<item name="Design" href="/conception.html"/>
			<item name="Report" href="/report.html"/>
			<item name="Javadoc CORE" href="../../tsf-core/apidocs/index.html"/>
			<item name="Javadoc COMMON" href="../../tsf-common/apidocs/index.html"/>
		</menu>
		<menu name="Documentation">
			<item name="The Selenium tool" href="/principe_selenium.html"/>						
		</menu>	
		<menu name="External Links">			
			<item name="Composant ECW" href="../../../ecw00/ecw/"/>			
			<item name="Composant W20" href="http://community.seed.dev.inetpsa.com/#!/w20-doc-overview/"/>						
			<item name="Selenium official website" href="http://www.seleniumhq.org/"/>
		</menu>
        <menu name="Modules">
        	<item name="TSF / COMMON" href="../../tsf-common/en/index.html" />
            <item name="TSF / CORE" href="../../tsf-core/en/index.html" />                   
        </menu>
	</body>
</project>