<?xml version="1.0" encoding="UTF-8"?>
<project name="Librairie Technique TSF - Test Selenium Framework">
	<skin>
		<groupId>com.inetpsa.pyr.skins</groupId>
		<artifactId>pyr-main-skin</artifactId>
		<version>1.0.0</version>
	</skin>
	<publishDate position="left" format="dd/MM/yyyy"/>
	<bannerLeft>
		<name>&#160;Site d'int&#233;gration de la Librairie Technique TSF - Test Selenium Framework</name>
	</bannerLeft>
	<bannerRight>
		<src>/images/logo_psa.jpg</src>
	</bannerRight>
	<body>
		<menu name="Langues">
			<item name="Francais" href="/index.html"/>
			<item name="English" href="/en/index.html"/>							
		</menu>
		<menu name="G&#233;n&#233;ral">
			<item name="Accueil" href="/index.html"/>
			<item name="Installation" href="/guide_install.html"/>
			<item name="Guide de D&#233;v." href="/guide_dev_tsf.html"/>					
			<item name="Conception" href="/conception.html"/>
			<item name="Rapport" href="/report.html"/>
			<item name="Javadoc CORE" href="../tsf-core/apidocs/index.html"/>
			<item name="Javadoc COMMON" href="../tsf-common/apidocs/index.html"/>
		</menu>
		<menu name="Documentation">
			<item name="L'outil Sélénium" href="/principe_selenium.html"/>						
		</menu>	
		<menu name="Liens externes">			
			<item name="Composant ECW" href="../../ecw00/ecw/"/>			
			<item name="Composant W20" href="http://community.seed.dev.inetpsa.com/#!/w20-doc-overview/"/>
			<item name="Site officiel Sélénium" href="http://www.seleniumhq.org/"/>
		</menu>
        <menu name="Modules">
            <item name="TSF / COMMON" href="../tsf-common/index.html" />
            <item name="TSF / CORE" href="../tsf-core/index.html" />            
        </menu>
	</body>
</project>